John Doe;10;undefined;4.5;3.9;1;2
Jane Doe;20;undefined;4.0;4.0;1;1
Alice Johnson;28;pilot;4.2;3.7;4;1,2,6,8
Sarah Taylor;31;teacher;4.0;4.1;5;8,5,6,3,1
Robert White;29;dentist;4.3;3.8;3;1,2,3
Michael Brown;33;engineer;3.9;4.0;5;3,6,9,10,2
Linda Martinez;32;pilot;3.9;3.7;4;4,6,5,1
Jane Smith;25;driver;3.8;4.1;2;1,3
Jack London;31;writer;5.0;5.0;6;8,5,6,3,1,9
Emily Davis;27;driver;4.1;3.8;3;1,2,3
David Wilson;35;actor;4.0;4.2;2;5,2
Yakui The Maid;35;musician;5.0;4.0;1;9
God is an Astronaut;20;musician;5.0;5.0;2;1,12
